{"url": "https://hr.tencent.com/position_detail.php?id=43061&keywords=&tid=0&lid=0", "type": "市场类", "job_name": "WXG10-321 企业微信商务推广经理（北京-新能源）", "number": "1", "url_id": "8778eaa265f123c5c6a34744847740b3", "date_time": "2018-08-07", "location": "北京", "crawl_time": "2018-08-07"}
{"url": "https://hr.tencent.com/position_detail.php?id=43062&keywords=&tid=0&lid=0", "type": "产品/项目类", "job_name": "15569-横版射击手游玩法策划（深圳）", "number": "1", "url_id": "cf681246ee9263e25a72883c4d2e585e", "date_time": "2018-08-07", "location": "深圳", "crawl_time": "2018-08-07"}
{"url": "https://hr.tencent.com/position_detail.php?id=43063&keywords=&tid=0&lid=0", "type": "产品/项目类", "job_name": "15569-横版射击手游高级系统策划（深圳）", "number": "1", "url_id": "c963e42d4a2e4755e8d1f915a9bd3f31", "date_time": "2018-08-07", "location": "深圳", "crawl_time": "2018-08-07"}
{"url": "https://hr.tencent.com/position_detail.php?id=43055&keywords=&tid=0&lid=0", "type": "产品/项目类", "job_name": "MIG06-游戏平台产品经理（深圳）", "number": "1", "url_id": "3d718112b29a8613a79c4b1f40c33245", "date_time": "2018-08-07", "location": "深圳", "crawl_time": "2018-08-07"}
{"url": "https://hr.tencent.com/position_detail.php?id=43056&keywords=&tid=0&lid=0", "type": "技术类", "job_name": "RP-高级Java开发工程师", "number": "1", "url_id": "65e2976d751dcdf56ac8f90499c812ba", "date_time": "2018-08-07", "location": "深圳", "crawl_time": "2018-08-07"}
{"url": "https://hr.tencent.com/position_detail.php?id=43058&keywords=&tid=0&lid=0", "type": "市场类", "job_name": "25667-运营商渠道销售", "number": "5", "url_id": "54615199effbfac1ed85facb842847b5", "date_time": "2018-08-07", "location": "深圳", "crawl_time": "2018-08-07"}
{"url": "https://hr.tencent.com/position_detail.php?id=43048&keywords=&tid=0&lid=0", "type": "技术类", "job_name": "25924-Web高级开发工程师", "number": "1", "url_id": "2a4c6b1eda71a32e48e3714340518dbe", "date_time": "2018-08-07", "location": "深圳", "crawl_time": "2018-08-07"}
{"url": "https://hr.tencent.com/position_detail.php?id=43050&keywords=&tid=0&lid=0", "type": "产品/项目类", "job_name": "20503-高校合作项目经理（深圳）", "number": "1", "url_id": "10a3aa4e06d1cd9104ea2c25b274c907", "date_time": "2018-08-07", "location": "深圳", "crawl_time": "2018-08-07"}
{"url": "https://hr.tencent.com/position_detail.php?id=43052&keywords=&tid=0&lid=0", "type": "设计类", "job_name": "22851-视频设计员工", "number": "1", "url_id": "bfa95fdafb8a968a996644a77b64fb47", "date_time": "2018-08-07", "location": "深圳", "crawl_time": "2018-08-07"}
{"url": "https://hr.tencent.com/position_detail.php?id=43042&keywords=&tid=0&lid=0", "type": "市场类", "job_name": "22967-KA客户销售经理(上海）", "number": "1", "url_id": "7df767e91644d88e33d8d602aee4fc12", "date_time": "2018-08-07", "location": "上海", "crawl_time": "2018-08-07"}
{"url": "https://hr.tencent.com/position_detail.php?id=43017&keywords=&tid=0&lid=0", "type": "产品/项目类", "job_name": "15612-高级移动游戏平台渠道经理（深圳）", "number": "1", "url_id": "9e3a920a48037ac74d6b6b1a03fb634a", "date_time": "2018-08-07", "location": "深圳", "crawl_time": "2018-08-07"}
{"url": "https://hr.tencent.com/position_detail.php?id=43020&keywords=&tid=0&lid=0", "type": "市场类", "job_name": "WXG10-321 企业微信商务推广经理（北京-金融）", "number": "1", "url_id": "b5392adfc435f03563e350e955d01b60", "date_time": "2018-08-07", "location": "北京", "crawl_time": "2018-08-07"}
{"url": "https://hr.tencent.com/position_detail.php?id=43021&keywords=&tid=0&lid=0", "type": "设计类", "job_name": "24012-新手游UI视觉设计师", "number": "1", "url_id": "e2453e7346567a293694f5c75192cb27", "date_time": "2018-08-07", "location": "深圳", "crawl_time": "2018-08-07"}
{"url": "https://hr.tencent.com/position_detail.php?id=43010&keywords=&tid=0&lid=0", "type": "技术类", "job_name": "SNG16-腾讯音乐存储运维工程师（深圳）", "number": "2", "url_id": "cc9874fa107682d91573b16cb988b344", "date_time": "2018-08-07", "location": "深圳", "crawl_time": "2018-08-07"}
{"url": "https://hr.tencent.com/position_detail.php?id=43011&keywords=&tid=0&lid=0", "type": "技术类", "job_name": "SNG16-腾讯音乐运营开发工程师（深圳）", "number": "2", "url_id": "530a8d5fdc66c9e052c2575445531fb6", "date_time": "2018-08-07", "location": "深圳", "crawl_time": "2018-08-07"}
{"url": "https://hr.tencent.com/position_detail.php?id=43013&keywords=&tid=0&lid=0", "type": "技术类", "job_name": "WXG10-115 企业微信web前端开发工程师（广州）", "number": "1", "url_id": "d951443a53be648794c0c6dc33c0ce69", "date_time": "2018-08-07", "location": "广州", "crawl_time": "2018-08-07"}
{"url": "https://hr.tencent.com/position_detail.php?id=43003&keywords=&tid=0&lid=0", "type": "技术类", "job_name": "TEG02-云业务保障工程师（深圳）", "number": "2", "url_id": "e9e676c917226f3d238183ed4fa67266", "date_time": "2018-08-07", "location": "深圳", "crawl_time": "2018-08-07"}
{"url": "https://hr.tencent.com/position_detail.php?id=43006&keywords=&tid=0&lid=0", "type": "技术类", "job_name": "TEG02-网络运营架构师（深圳）", "number": "1", "url_id": "02368ac4cbbf8fc845dd539083d49a36", "date_time": "2018-08-07", "location": "深圳", "crawl_time": "2018-08-07"}
{"url": "https://hr.tencent.com/position_detail.php?id=42998&keywords=&tid=0&lid=0", "type": "市场类", "job_name": "22968-华东消电IT金融行业策划经理（上海）", "number": "1", "url_id": "780fa9a9b0f1a22ff252831e91834654", "date_time": "2018-08-07", "location": "上海", "crawl_time": "2018-08-07"}
{"url": "https://hr.tencent.com/position_detail.php?id=43002&keywords=&tid=0&lid=0", "type": "产品/项目类", "job_name": "SNG04-高级产品经理（内容生态建设）（上海）", "number": "1", "url_id": "a8befa03f6e4eb485311ad0e64dd97c9", "date_time": "2018-08-07", "location": "上海", "crawl_time": "2018-08-07"}
{"url": "https://hr.tencent.com/position_detail.php?id=43042&keywords=&tid=0&lid=0", "type": "市场类", "job_name": "22967-KA客户销售经理(上海）", "number": "1", "url_id": "7df767e91644d88e33d8d602aee4fc12", "date_time": "2018-08-07", "location": "上海", "crawl_time": "2018-08-07"}
{"url": "https://hr.tencent.com/position_detail.php?id=43044&keywords=&tid=0&lid=0", "type": "产品/项目类", "job_name": "26699-智慧零售产品经理（上海）", "number": "1", "url_id": "fde24ac4240d543f9d64eca1eb56554e", "date_time": "2018-08-07", "location": "上海", "crawl_time": "2018-08-07"}
{"url": "https://hr.tencent.com/position_detail.php?id=43047&keywords=&tid=0&lid=0", "type": "技术类", "job_name": "25924-iOS研发工程师(深圳)", "number": "1", "url_id": "2ecfec5d466e7831a1f8e71b67c91259", "date_time": "2018-08-07", "location": "深圳", "crawl_time": "2018-08-07"}
