{"url": "https://hr.tencent.com/position_detail.php?id=43175&keywords=&tid=0&lid=0", "type": "技术类", "number": "1", "job_name": "22989-云服务开发工程师（NLP方向）（北京）", "url_id": "cd1e6b379b4cf59726e6a2723874bb61", "date_time": "2018-08-07", "location": "北京", "crawl_time": "2018-08-07"}
{"url": "https://hr.tencent.com/position_detail.php?id=43176&keywords=&tid=0&lid=0", "type": "技术类", "number": "1", "job_name": "22989-物联网前端高级工程师", "url_id": "0915d6dd9d2ed6a691643efc87592e34", "date_time": "2018-08-07", "location": "深圳", "crawl_time": "2018-08-07"}
{"url": "https://hr.tencent.com/position_detail.php?id=43178&keywords=&tid=0&lid=0", "type": "产品/项目类", "number": "1", "job_name": "TEG10-产品经理（深圳）", "url_id": "18307534bb72bf8d559b0878750db946", "date_time": "2018-08-07", "location": "深圳", "crawl_time": "2018-08-07"}
{"url": "https://hr.tencent.com/position_detail.php?id=43179&keywords=&tid=0&lid=0", "type": "技术类", "number": "1", "job_name": "OMG097-Android客户端开发（北京）", "url_id": "7fcb1a0d733a3b6ad98d8caa861a9f5f", "date_time": "2018-08-07", "location": "北京", "crawl_time": "2018-08-07"}
{"url": "https://hr.tencent.com/position_detail.php?id=43171&keywords=&tid=0&lid=0", "type": "技术类", "number": "2", "job_name": "27092-应用宝商业化后台开发（深圳）", "url_id": "ce0d2f2621cc750bd891c2247017b28a", "date_time": "2018-08-07", "location": "深圳", "crawl_time": "2018-08-07"}
{"url": "https://hr.tencent.com/position_detail.php?id=43173&keywords=&tid=0&lid=0", "type": "技术类", "number": "1", "job_name": "25927-高级测试开发工程师（深圳）", "url_id": "e289c83ade4a960f268da588424e2e83", "date_time": "2018-08-07", "location": "深圳", "crawl_time": "2018-08-07"}
{"url": "https://hr.tencent.com/position_detail.php?id=43162&keywords=&tid=0&lid=0", "type": "技术类", "number": "1", "job_name": "MIG06-Unity开发工程师（深圳）", "url_id": "d514679ebd3a581a8ce71b8feb1f8c18", "date_time": "2018-08-07", "location": "深圳", "crawl_time": "2018-08-07"}
{"url": "https://hr.tencent.com/position_detail.php?id=43164&keywords=&tid=0&lid=0", "type": "市场类", "number": "1", "job_name": "SNG16-腾讯音乐基础数据运营（深圳）", "url_id": "d85494a676b5ba5f6910fbfcbed174da", "date_time": "2018-08-07", "location": "深圳", "crawl_time": "2018-08-07"}
{"url": "https://hr.tencent.com/position_detail.php?id=43165&keywords=&tid=0&lid=0", "type": "设计类", "number": "1", "job_name": "17757-交互设计师", "url_id": "e0fd56e9aeca7e658780c5416164fbc2", "date_time": "2018-08-07", "location": "北京", "crawl_time": "2018-08-07"}
{"url": "https://hr.tencent.com/position_detail.php?id=43166&keywords=&tid=0&lid=0", "type": "技术类", "number": "1", "job_name": "18428-银行业务架构师", "url_id": "299c5d8de44f4386f38f98d3a284b908", "date_time": "2018-08-07", "location": "深圳", "crawl_time": "2018-08-07"}
{"url": "https://hr.tencent.com/position_detail.php?id=43155&keywords=&tid=0&lid=0", "type": "产品/项目类", "number": "1", "job_name": "22025-沙盒游戏关卡策划（深圳）", "url_id": "b79f182309e61fdca7325ff6bb27403d", "date_time": "2018-08-07", "location": "深圳", "crawl_time": "2018-08-07"}
{"url": "https://hr.tencent.com/position_detail.php?id=43156&keywords=&tid=0&lid=0", "type": "市场类", "number": "1", "job_name": "23675-战略规划经理（北京）", "url_id": "cf0c7618398f342a2aa8cd678a1bb6e2", "date_time": "2018-08-07", "location": "北京", "crawl_time": "2018-08-07"}
{"url": "https://hr.tencent.com/position_detail.php?id=43160&keywords=&tid=0&lid=0", "type": "设计类", "number": "1", "job_name": "15618-角色原画设计（上海）", "url_id": "906ac005ab263162f14da234902cd6ba", "date_time": "2018-08-07", "location": "上海", "crawl_time": "2018-08-07"}
{"url": "https://hr.tencent.com/position_detail.php?id=43161&keywords=&tid=0&lid=0", "type": "技术类", "number": "1", "job_name": "MIG06-生产项目管理工程师（深圳）", "url_id": "543dd47085d69d4ef8cd1ebad1ecb42f", "date_time": "2018-08-07", "location": "深圳", "crawl_time": "2018-08-07"}
{"url": "https://hr.tencent.com/position_detail.php?id=43149&keywords=&tid=0&lid=0", "type": "设计类", "number": "1", "job_name": "22025-沙盒游戏资深2D场景设计（深圳）", "url_id": "dc162ce6247a39872b5ffd9387ca6e65", "date_time": "2018-08-07", "location": "深圳", "crawl_time": "2018-08-07"}
{"url": "https://hr.tencent.com/position_detail.php?id=43151&keywords=&tid=0&lid=0", "type": "设计类", "number": "1", "job_name": "22025-沙盒游戏资深2D原画设计（深圳）", "url_id": "5670a09b5b1f629edfad1c91331d4ede", "date_time": "2018-08-07", "location": "深圳", "crawl_time": "2018-08-07"}
{"url": "https://hr.tencent.com/position_detail.php?id=43153&keywords=&tid=0&lid=0", "type": "设计类", "number": "1", "job_name": "22025-大世界沙盒游戏主美术（深圳）", "url_id": "a0513050959421a5d4abb16973c9a527", "date_time": "2018-08-07", "location": "深圳", "crawl_time": "2018-08-07"}
{"url": "https://hr.tencent.com/position_detail.php?id=43143&keywords=&tid=0&lid=0", "type": "市场类", "number": "1", "job_name": "SA-腾讯社交广告KA商业分析师（深圳）", "url_id": "c0fa76cf928859e983baf550a4ad9ac5", "date_time": "2018-08-07", "location": "深圳", "crawl_time": "2018-08-07"}
{"url": "https://hr.tencent.com/position_detail.php?id=43145&keywords=&tid=0&lid=0", "type": "市场类", "number": "1", "job_name": "25666-战略BD 行业 - 地产、视频、汽车方向（北京）", "url_id": "eed62be9de4bd2cdca2896b0fedfcc51", "date_time": "2018-08-07", "location": "北京", "crawl_time": "2018-08-07"}
{"url": "https://hr.tencent.com/position_detail.php?id=43147&keywords=&tid=0&lid=0", "type": "技术类", "number": "1", "job_name": "OMG064-(高级)测试开发工程师（上海）", "url_id": "a388dfa9bc033f72cad6d2d5779433f2", "date_time": "2018-08-07", "location": "上海", "crawl_time": "2018-08-07"}
{"url": "https://hr.tencent.com/position_detail.php?id=43148&keywords=&tid=0&lid=0", "type": "设计类", "number": "1", "job_name": "22025-沙盒游戏资深3D动画特效设计（深圳）", "url_id": "0f7ec7aaf031544a4d284781ace9fad1", "date_time": "2018-08-07", "location": "深圳", "crawl_time": "2018-08-07"}
{"url": "https://hr.tencent.com/position_detail.php?id=43139&keywords=&tid=0&lid=0", "type": "技术类", "number": "1", "job_name": "WXG08-111 微信推荐数据分析工程师（深圳）", "url_id": "21274dea7a70d7e3f27627cbd75fefbf", "date_time": "2018-08-07", "location": "深圳", "crawl_time": "2018-08-07"}
{"url": "https://hr.tencent.com/position_detail.php?id=43140&keywords=&tid=0&lid=0", "type": "技术类", "number": "1", "job_name": "23673-高级全栈工程师（偏向后端）（北京）", "url_id": "f9c5537221a2a0a9810e91cb3c4a4761", "date_time": "2018-08-07", "location": "北京", "crawl_time": "2018-08-07"}
{"url": "https://hr.tencent.com/position_detail.php?id=43141&keywords=&tid=0&lid=0", "type": "产品/项目类", "number": "1", "job_name": "15581-欢乐休闲游戏系统策划(深圳)", "url_id": "125ad5fa9eb29bbf8775819c2f47a91c", "date_time": "2018-08-07", "location": "深圳", "crawl_time": "2018-08-07"}
{"url": "https://hr.tencent.com/position_detail.php?id=43131&keywords=&tid=0&lid=0", "type": "市场类", "number": "2", "job_name": "22850-腾讯视频商业分析", "url_id": "4e528d16d28cd42e6f507e0769acda63", "date_time": "2018-08-07", "location": "北京", "crawl_time": "2018-08-07"}
{"url": "https://hr.tencent.com/position_detail.php?id=43132&keywords=&tid=0&lid=0", "type": "技术类", "number": "1", "job_name": "S2-运营开发工程师（深圳）", "url_id": "534a205109c7c000c0a404b9cfb70a44", "date_time": "2018-08-07", "location": "深圳", "crawl_time": "2018-08-07"}
{"url": "https://hr.tencent.com/position_detail.php?id=43134&keywords=&tid=0&lid=0", "type": "技术类", "number": "1", "job_name": "OMG064-广告数据挖掘与算法工程师（上海）", "url_id": "e517bde9af1f65e49f7298f4ccadf1e0", "date_time": "2018-08-07", "location": "上海", "crawl_time": "2018-08-07"}
{"url": "https://hr.tencent.com/position_detail.php?id=43136&keywords=&tid=0&lid=0", "type": "市场类", "number": "2", "job_name": "OMG153-高级商业策略经理（北京）", "url_id": "3f2dd5c4f83a7c64da3758475616b526", "date_time": "2018-08-07", "location": "北京", "crawl_time": "2018-08-07"}
{"url": "https://hr.tencent.com/position_detail.php?id=43124&keywords=&tid=0&lid=0", "type": "市场类", "number": "1", "job_name": "27087-投资孵化中心投资公司市场运营经理（深圳）", "url_id": "88a86e9a94f9dbac38b8a2acaf10a76c", "date_time": "2018-08-07", "location": "深圳", "crawl_time": "2018-08-07"}
{"url": "https://hr.tencent.com/position_detail.php?id=43127&keywords=&tid=0&lid=0", "type": "产品/项目类", "number": "1", "job_name": "27559-大型多人竞技游戏社区与用户运营（深圳）", "url_id": "ecf927ea018c63c0ea2ddd082a77642e", "date_time": "2018-08-07", "location": "深圳", "crawl_time": "2018-08-07"}
{"url": "https://hr.tencent.com/position_detail.php?id=43128&keywords=&tid=0&lid=0", "type": "技术类", "number": "1", "job_name": "23671-企鹅号前端开发（北京）", "url_id": "72d0623af845886d7c555e70979f7c33", "date_time": "2018-08-07", "location": "北京", "crawl_time": "2018-08-07"}
{"url": "https://hr.tencent.com/position_detail.php?id=43129&keywords=&tid=0&lid=0", "type": "产品/项目类", "number": "1", "job_name": "WXG08-211 微信搜一搜产品策划（广州）", "url_id": "36e391789f86edcbbb6d7d1fdc359152", "date_time": "2018-08-07", "location": "广州", "crawl_time": "2018-08-07"}
{"url": "https://hr.tencent.com/position_detail.php?id=43118&keywords=&tid=0&lid=0", "type": "产品/项目类", "number": "1", "job_name": "28598-高级项目经理--高端智能手机（深圳）", "url_id": "8944ffb39ffafc5bfed8becc52e6e30b", "date_time": "2018-08-07", "location": "深圳", "crawl_time": "2018-08-07"}
{"url": "https://hr.tencent.com/position_detail.php?id=43121&keywords=&tid=0&lid=0", "type": "产品/项目类", "number": "1", "job_name": "24491-游戏主策划（深圳）", "url_id": "9792c6e9a3bf0ff16320f37cea589e1b", "date_time": "2018-08-07", "location": "深圳", "crawl_time": "2018-08-07"}
{"url": "https://hr.tencent.com/position_detail.php?id=43123&keywords=&tid=0&lid=0", "type": "技术类", "number": "1", "job_name": "MIG06-应用宝后台开发工程师（深圳）", "url_id": "6a5c25f8efef81cd32976da24d0798d1", "date_time": "2018-08-07", "location": "深圳", "crawl_time": "2018-08-07"}
{"url": "https://hr.tencent.com/position_detail.php?id=43115&keywords=&tid=0&lid=0", "type": "职能类", "number": "1", "job_name": "AQ-业务安全经理（深圳）", "url_id": "ffb59c80a6688b9047cbb176a2ff53f7", "date_time": "2018-08-07", "location": "深圳", "crawl_time": "2018-08-07"}
{"url": "https://hr.tencent.com/position_detail.php?id=43107&keywords=&tid=0&lid=0", "type": "技术类", "number": "1", "job_name": "GY0-数据分析工程师（深圳）", "url_id": "1f245bda5058f1f18a8a0245f8aa122f", "date_time": "2018-08-07", "location": "深圳", "crawl_time": "2018-08-07"}
{"url": "https://hr.tencent.com/position_detail.php?id=43108&keywords=&tid=0&lid=0", "type": "技术类", "number": "1", "job_name": "SNG17-QQ轻游戏平台web前端开发工程师（深圳）", "url_id": "176af38d7d68c0e36ed2c332a5ca1d9f", "date_time": "2018-08-07", "location": "深圳", "crawl_time": "2018-08-07"}
{"url": "https://hr.tencent.com/position_detail.php?id=43098&keywords=&tid=0&lid=0", "type": "产品/项目类", "number": "1", "job_name": "SNG02-腾讯云视频行业高级运营经理（深圳/成都）", "url_id": "88191cc7bd8f2897231995e2d68ab08a", "date_time": "2018-08-07", "location": "深圳", "crawl_time": "2018-08-07"}
{"url": "https://hr.tencent.com/position_detail.php?id=43101&keywords=&tid=0&lid=0", "type": "产品/项目类", "number": "1", "job_name": "SNG03-直播高级B侧运营经理（深圳）", "url_id": "c888259ece7892bf4e415f855f3a8a79", "date_time": "2018-08-07", "location": "深圳", "crawl_time": "2018-08-07"}
{"url": "https://hr.tencent.com/position_detail.php?id=43103&keywords=&tid=0&lid=0", "type": "产品/项目类", "number": "1", "job_name": "SNG03-直播B侧高级产品经理（深圳）", "url_id": "24e9dedbe273c35e6da3f098d91f4ca6", "date_time": "2018-08-07", "location": "深圳", "crawl_time": "2018-08-07"}
{"url": "https://hr.tencent.com/position_detail.php?id=43094&keywords=&tid=0&lid=0", "type": "技术类", "number": "1", "job_name": "25663-医疗云高级后台研发工程师（深圳）", "url_id": "06aee2048227785aaccbc348d21af97e", "date_time": "2018-08-07", "location": "深圳", "crawl_time": "2018-08-07"}
{"url": "https://hr.tencent.com/position_detail.php?id=43096&keywords=&tid=0&lid=0", "type": "内容编辑类", "number": "1", "job_name": "SNG16-QQ音乐欧美内容运营（深圳）", "url_id": "8ce10be422014f11015769a627ddb690", "date_time": "2018-08-07", "location": "深圳", "crawl_time": "2018-08-07"}
{"url": "https://hr.tencent.com/position_detail.php?id=43097&keywords=&tid=0&lid=0", "type": "市场类", "number": "1", "job_name": "SNG16-全民K歌TV版曲库运营（深圳）", "url_id": "44b179e8b375a33589c670dd707754b4", "date_time": "2018-08-07", "location": "深圳", "crawl_time": "2018-08-07"}
{"url": "https://hr.tencent.com/position_detail.php?id=43088&keywords=&tid=0&lid=0", "type": "产品/项目类", "number": "1", "job_name": "21227-开放世界手游产品运营（深圳）", "url_id": "c996ef5ffa43806ebd731cef8d01f9d8", "date_time": "2018-08-07", "location": "深圳", "crawl_time": "2018-08-07"}
{"url": "https://hr.tencent.com/position_detail.php?id=43080&keywords=&tid=0&lid=0", "type": "产品/项目类", "number": "2", "job_name": "21087-手游本地化策划（深圳）", "url_id": "269ffd380d614e5544dfae563677228a", "date_time": "2018-08-07", "location": "深圳", "crawl_time": "2018-08-07"}
{"url": "https://hr.tencent.com/position_detail.php?id=43083&keywords=&tid=0&lid=0", "type": "技术类", "number": "2", "job_name": "TEG02-后台开发工程师（深圳）", "url_id": "cdb537032af1daa41dd9c68d0efe283e", "date_time": "2018-08-07", "location": "深圳", "crawl_time": "2018-08-07"}
{"url": "https://hr.tencent.com/position_detail.php?id=43084&keywords=&tid=0&lid=0", "type": "技术类", "number": "1", "job_name": "TEG02-运营质量工程师（深圳）", "url_id": "338d9aeab84acfbb711882b32790e2b7", "date_time": "2018-08-07", "location": "深圳", "crawl_time": "2018-08-07"}
{"url": "https://hr.tencent.com/position_detail.php?id=43073&keywords=&tid=0&lid=0", "type": "职能类", "number": "1", "job_name": "FWZ-维权律师", "url_id": "336ba055796c991c171450eb345e6040", "date_time": "2018-08-07", "location": "广州", "crawl_time": "2018-08-07"}
{"url": "https://hr.tencent.com/position_detail.php?id=43074&keywords=&tid=0&lid=0", "type": "技术类", "number": "2", "job_name": "18428-财付通银行交易开发工程师（深圳）", "url_id": "1f87cce71125cdce54f3ef11a7bfb416", "date_time": "2018-08-07", "location": "深圳", "crawl_time": "2018-08-07"}
{"url": "https://hr.tencent.com/position_detail.php?id=43077&keywords=&tid=0&lid=0", "type": "产品/项目类", "number": "1", "job_name": "22989-腾讯云中间件产品经理（深圳）", "url_id": "654a7207506bc4269612f6db6a3c2e96", "date_time": "2018-08-07", "location": "深圳", "crawl_time": "2018-08-07"}
{"url": "https://hr.tencent.com/position_detail.php?id=43068&keywords=&tid=0&lid=0", "type": "技术类", "number": "3", "job_name": "GY0-海外腾讯云架构师", "url_id": "ed06b771d761c569e5f1751b2fbdb7fc", "date_time": "2018-08-07", "location": "深圳", "crawl_time": "2018-08-07"}
{"url": "https://hr.tencent.com/position_detail.php?id=43070&keywords=&tid=0&lid=0", "type": "产品/项目类", "number": "1", "job_name": "WXG03-211 公众平台产品运营（广州）", "url_id": "b99c6aa89bf6f636b65a56366ebc31ed", "date_time": "2018-08-07", "location": "广州", "crawl_time": "2018-08-07"}
{"url": "https://hr.tencent.com/position_detail.php?id=43071&keywords=&tid=0&lid=0", "type": "技术类", "number": "1", "job_name": "27092-移动商业后台开发工程师（深圳）", "url_id": "4dc10cf522500751a877f363fed7d551", "date_time": "2018-08-07", "location": "深圳", "crawl_time": "2018-08-07"}
{"url": "https://hr.tencent.com/position_detail.php?id=43061&keywords=&tid=0&lid=0", "type": "市场类", "number": "1", "job_name": "WXG10-321 企业微信商务推广经理（北京-新能源）", "url_id": "8778eaa265f123c5c6a34744847740b3", "date_time": "2018-08-07", "location": "北京", "crawl_time": "2018-08-07"}
{"url": "https://hr.tencent.com/position_detail.php?id=43062&keywords=&tid=0&lid=0", "type": "产品/项目类", "number": "1", "job_name": "15569-横版射击手游玩法策划（深圳）", "url_id": "cf681246ee9263e25a72883c4d2e585e", "date_time": "2018-08-07", "location": "深圳", "crawl_time": "2018-08-07"}
{"url": "https://hr.tencent.com/position_detail.php?id=43063&keywords=&tid=0&lid=0", "type": "产品/项目类", "number": "1", "job_name": "15569-横版射击手游高级系统策划（深圳）", "url_id": "c963e42d4a2e4755e8d1f915a9bd3f31", "date_time": "2018-08-07", "location": "深圳", "crawl_time": "2018-08-07"}
{"url": "https://hr.tencent.com/position_detail.php?id=43064&keywords=&tid=0&lid=0", "type": "产品/项目类", "number": "1", "job_name": "15569-横版射击手游高级数值策划（深圳）", "url_id": "aec57a1208bb0108c1981c7805d40dc9", "date_time": "2018-08-07", "location": "深圳", "crawl_time": "2018-08-07"}
{"url": "https://hr.tencent.com/position_detail.php?id=43066&keywords=&tid=0&lid=0", "type": "技术类", "number": "1", "job_name": "GY0-后台开发工程师（深圳）", "url_id": "5cea8f8569fbcb8c8331d014d37d260b", "date_time": "2018-08-07", "location": "深圳", "crawl_time": "2018-08-07"}
{"url": "https://hr.tencent.com/position_detail.php?id=43055&keywords=&tid=0&lid=0", "type": "产品/项目类", "number": "1", "job_name": "MIG06-游戏平台产品经理（深圳）", "url_id": "3d718112b29a8613a79c4b1f40c33245", "date_time": "2018-08-07", "location": "深圳", "crawl_time": "2018-08-07"}
{"url": "https://hr.tencent.com/position_detail.php?id=43056&keywords=&tid=0&lid=0", "type": "技术类", "number": "1", "job_name": "RP-高级Java开发工程师", "url_id": "65e2976d751dcdf56ac8f90499c812ba", "date_time": "2018-08-07", "location": "深圳", "crawl_time": "2018-08-07"}
{"url": "https://hr.tencent.com/position_detail.php?id=43058&keywords=&tid=0&lid=0", "type": "市场类", "number": "5", "job_name": "25667-运营商渠道销售", "url_id": "54615199effbfac1ed85facb842847b5", "date_time": "2018-08-07", "location": "深圳", "crawl_time": "2018-08-07"}
{"url": "https://hr.tencent.com/position_detail.php?id=43048&keywords=&tid=0&lid=0", "type": "技术类", "number": "1", "job_name": "25924-Web高级开发工程师", "url_id": "2a4c6b1eda71a32e48e3714340518dbe", "date_time": "2018-08-07", "location": "深圳", "crawl_time": "2018-08-07"}
{"url": "https://hr.tencent.com/position_detail.php?id=43050&keywords=&tid=0&lid=0", "type": "产品/项目类", "number": "1", "job_name": "20503-高校合作项目经理（深圳）", "url_id": "10a3aa4e06d1cd9104ea2c25b274c907", "date_time": "2018-08-07", "location": "深圳", "crawl_time": "2018-08-07"}
{"url": "https://hr.tencent.com/position_detail.php?id=43052&keywords=&tid=0&lid=0", "type": "设计类", "number": "1", "job_name": "22851-视频设计员工", "url_id": "bfa95fdafb8a968a996644a77b64fb47", "date_time": "2018-08-07", "location": "深圳", "crawl_time": "2018-08-07"}
{"url": "https://hr.tencent.com/position_detail.php?id=43042&keywords=&tid=0&lid=0", "type": "市场类", "number": "1", "job_name": "22967-KA客户销售经理(上海）", "url_id": "7df767e91644d88e33d8d602aee4fc12", "date_time": "2018-08-07", "location": "上海", "crawl_time": "2018-08-07"}
{"url": "https://hr.tencent.com/position_detail.php?id=43044&keywords=&tid=0&lid=0", "type": "产品/项目类", "number": "1", "job_name": "26699-智慧零售产品经理（上海）", "url_id": "fde24ac4240d543f9d64eca1eb56554e", "date_time": "2018-08-07", "location": "上海", "crawl_time": "2018-08-07"}
{"url": "https://hr.tencent.com/position_detail.php?id=43047&keywords=&tid=0&lid=0", "type": "技术类", "number": "1", "job_name": "25924-iOS研发工程师(深圳)", "url_id": "2ecfec5d466e7831a1f8e71b67c91259", "date_time": "2018-08-07", "location": "深圳", "crawl_time": "2018-08-07"}
